Amplitude (Max-Offset) (mean),Amp. rel. (Max-Offset) Filtering (min),Amp. rel. (Max-Offset) Filtering (max),Amp. rel. (Max-Offset) Filtering (mean),Frequency (Max) (mean),Frequency (Max) Filtering (mean),Open speed (mean),Close speed (mean),Speed (min),Speed (max),Speed (mean),Acceleration (mean),Amp.decline (linear regres),Freq.decline (linear regres)
80.6541,0.8779,0.9709,0.9284,3.3696,3.4488,0.2561,0.2486,-2.4945,2.1723,0.5198,27.3268,8.627,-0.041
74.7539,0.793,0.9593,0.8917,3.7835,3.8521,0.268,0.2667,-2.5394,2.0928,0.5469,28.2467,-5.893,0.637
73.6977,0.7963,0.9565,0.8926,3.5144,3.5885,0.2419,0.2417,-2.1824,1.976,0.4972,23.7132,8.129,0.084
64.4734,0.5975,0.8836,0.7423,4.3673,4.5023,0.2489,0.2451,-2.8538,2.2465,0.5152,33.3122,-1.031,0.138
76.0374,0.82,0.9544,0.8707,4.2391,4.3454,0.2926,0.2901,-2.7968,2.8029,0.602,37.1674,-9.786,1.400
72.0243,0.4655,0.9146,0.8341,3.8731,3.9953,0.2692,0.2667,-2.8794,2.6719,0.5622,36.6938,-23.889,0.314
64.9959,0.6959,0.9019,0.7777,3.9517,4.004,0.2081,0.207,-2.1556,1.6049,0.4317,19.6749,14.035,0.141
54.5684,0.5609,0.9041,0.7329,4.4711,4.4944,0.2018,0.197,-2.2276,2.0411,0.4114,19.0637,25.186,0.172
56.237,0.6085,0.8627,0.7468,4.4728,4.524,0.2048,0.2043,-1.9619,1.5774,0.4169,18.3869,-18.167,0.380
61.5223,0.7534,0.8674,0.8168,4.4541,4.5625,0.2224,0.2208,-2.275,2.0959,0.456,22.3018,-7.421,0.625
78.2589,0.8218,0.9462,0.9036,3.2407,3.3285,0.2066,0.198,-1.7523,1.327,0.4291,20.1484,-1.467,0.486
68.1094,0.678,0.867,0.7729,4.5762,4.6522,0.2838,0.2796,-2.1632,2.2127,0.5775,27.8965,14.960,0.135
62.0774,0.7126,0.9036,0.8205,4.8703,4.9469,0.2735,0.2674,-1.9662,1.8281,0.5524,27.1624,-1.790,0.228
59.4503,0.64,0.8105,0.7155,4.5479,4.6196,0.2353,0.2348,-1.7182,1.7862,0.4854,21.1984,15.670,-0.008
70.4731,0.5478,0.9616,0.8158,4.2604,4.3564,0.2696,0.2719,-2.9942,1.8313,0.5659,31.4833,28.118,-0.581
66.5253,0.6356,0.929,0.7852,4.0926,4.2325,0.2439,0.2464,-2.5974,1.9378,0.5053,26.1922,30.606,0.377
54.2252,0.4796,0.9553,0.6466,4.3011,4.4085,0.2163,0.2109,-2.3872,1.9429,0.4421,21.971,35.195,-0.142
71.7663,0.8089,0.9013,0.8474,4.2553,4.325,0.2788,0.2787,-2.1092,1.9242,0.5667,26.7055,4.684,1.017
32.2324,0.4381,0.6726,0.5298,3.9979,4.1245,0.0979,0.0977,-1.8643,0.8912,0.2089,10.2333,-0.363,0.280
34.4029,0.4816,0.7708,0.6123,4.661,4.7407,0.1428,0.1459,-2.1679,1.5606,0.3044,18.6607,7.486,0.039
40.3712,0.5634,0.8483,0.6567,4.4039,4.4855,0.1582,0.1573,-2.5724,1.2276,0.333,19.2521,-8.796,0.424
67.8203,0.7952,0.8624,0.8304,3.7946,3.8366,0.2199,0.2141,-2.2246,2.0907,0.4506,22.2734,-0.419,0.189
64.1916,0.8166,0.9585,0.8973,3.5676,3.5727,0.1949,0.1943,-2.0405,1.3124,0.4001,16.9009,12.634,-0.164
66.2618,0.6651,0.9025,0.841,3.2461,3.3168,0.1794,0.1774,-1.8866,1.3435,0.3669,16.8168,11.141,0.303
78.4351,0.9188,0.951,0.9352,3.0189,3.1061,0.2013,0.2007,-2.2365,1.8311,0.4185,18.6203,0.383,0.731
77.7232,0.8536,0.9055,0.8765,3.3298,3.4224,0.215,0.2093,-2.4771,1.5409,0.4342,16.8271,3.544,0.348
68.253,0.8373,0.9421,0.8666,2.8617,2.8971,0.1742,0.1732,-1.9375,1.689,0.3577,15.8549,5.670,0.095
71.1952,0.8584,0.9245,0.8963,2.967,3.0373,0.2,0.1933,-2.2044,2.1037,0.4128,21.171,0.373,0.0521995088754408
67.4452,0.8431,0.9356,0.9069,3.139,3.1612,0.1834,0.1835,-2.1165,1.5047,0.3767,17.6336,-2.365,-0.266
60.5705,0.6119,0.9476,0.7658,2.6287,2.763,0.1312,0.1318,-1.6963,1.6092,0.276,12.4229,28.931,-1.090
64.1604,0.7488,0.8879,0.8321,3.1284,3.2085,0.1496,0.1475,-1.4448,1.6809,0.313,16.6396,-8.246,0.612
67.7749,0.7203,0.9612,0.8495,2.764,3.0086,0.1646,0.1561,-1.5027,1.6594,0.3337,14.5698,-1.566,-0.099
70.2195,0.8214,0.9439,0.8943,3.0753,3.3397,0.2015,0.1864,-1.6465,1.7381,0.3992,18.6871,-2.085,-0.116
76.6331,0.838,0.9447,0.8913,2.3232,2.3441,0.1557,0.1556,-1.9502,1.0846,0.3191,12.3429,1.733,0.198
76.5683,0.8988,0.9393,0.9177,2.8971,2.9202,0.2091,0.2016,-2.422,1.5305,0.413,18.9224,0.898,0.198
62.7849,0.5827,0.9422,0.8339,2.9645,2.9866,0.1656,0.1661,-1.9385,1.4283,0.3476,13.038,23.616,0.278
75.0094,0.9232,0.9804,0.9578,2.8183,2.8424,0.1973,0.1964,-2.0177,1.4575,0.3955,17.607,-1.321,-0.087
73.7288,0.8993,0.943,0.9187,3.2041,3.2329,0.2252,0.2224,-2.0522,1.4255,0.4622,17.6277,0.736,0.198
66.3201,0.7532,0.9401,0.8658,3.3708,3.3967,0.2143,0.2118,-1.7096,1.5392,0.4418,16.9249,6.650,-0.014
89.7777,0.7957,0.9681,0.9313,3.2,3.273,0.2746,0.2642,-3.7436,2.825,0.5627,35.8385,-11.894,0.128
82.2701,0.6156,0.9624,0.917,3.3315,3.341,0.254,0.245,-3.0228,2.4167,0.5108,30.8031,-14.886,0.468
84.7402,0.8711,0.9904,0.974,3.147,3.1505,0.2497,0.2426,-3.0886,2.6902,0.5141,32.4809,1.165,0.376
94.5666,0.9184,0.9876,0.9632,2.9365,3.1138,0.2699,0.2595,-3.0021,2.9792,0.5579,34.6138,-7.218,-0.701
90.2518,0.9256,0.9721,0.9499,3.1315,3.1774,0.2768,0.2669,-3.0697,2.4107,0.5686,31.0912,-0.250,-0.080
70.4775,0.4301,0.8924,0.759,3.2787,3.3281,0.2127,0.212,-3.0515,1.9667,0.4387,20.353,24.059,-0.060
90.5585,0.8571,0.9675,0.9364,3.2103,3.2323,0.2744,0.2669,-3.1412,1.8723,0.5562,27.6047,3.914,0.127
79.7313,0.8358,0.9581,0.9082,2.103,2.4878,0.1461,0.1483,-2.2446,1.3981,0.3081,13.4506,8.110,0.445
62.389,0.6206,0.9239,0.7661,3.2512,3.3234,0.1793,0.1813,-2.5619,1.7191,0.3703,14.8328,19.800,0.221
72.0593,0.8156,0.9787,0.9115,2.811,2.8815,0.189,0.1889,-2.2701,1.5992,0.3873,16.3584,12.667,0.430
57.9237,0.7043,0.9185,0.793,3.6823,3.8058,0.1812,0.1766,-2.0662,1.6647,0.3784,20.759,15.294,0.373
61.6004,0.724,0.9396,0.8331,4.1393,4.6229,0.2129,0.2162,-2.228,1.8364,0.4463,24.5238,4.197,0.282
62.5417,0.8409,0.916,0.886,4.4118,4.6022,0.1989,0.1944,-1.9313,1.4969,0.4018,20.5522,3.350,-0.342
76.8989,0.9221,0.9644,0.9383,3.0488,3.0467,0.2109,0.2124,-2.1282,2.0305,0.4372,22.8165,2.530,0.191
86.4191,0.9365,0.9762,0.9533,3.1681,3.1773,0.2413,0.2407,-2.5819,1.9218,0.4925,25.2802,0.285,0.091
71.7206,0.9066,0.953,0.924,3.2787,3.3128,0.2203,0.2238,-2.2376,1.9547,0.4667,24.6313,0.267,0.281
87.3572,0.9323,0.986,0.9631,2.7268,2.7284,0.1843,0.1714,-1.8444,1.9283,0.3738,15.6192,-3.885,-0.008
83.7654,0.9532,0.9815,0.9675,3.4232,3.4424,0.2509,0.2496,-2.8996,2.4233,0.5126,28.0455,0.782,-0.089
87.9962,0.9117,0.9779,0.9402,3.9979,4.0101,0.3248,0.3233,-2.9173,2.4985,0.6692,40.0988,4.960,0.145
82.5662,0.9228,0.9717,0.9463,3.9574,3.9479,0.3103,0.3103,-2.5883,2.4887,0.6304,38.2603,2.203,0.171
87.9346,0.9153,0.9817,0.9446,4.1173,4.2266,0.3445,0.335,-2.8779,2.4203,0.6908,38.9328,0.786,-0.188
88.708,0.894,0.9655,0.9228,4.5667,4.573,0.3688,0.3601,-2.5193,2.7628,0.7442,45.8334,-0.117,-0.033
93.6392,0.9175,0.9859,0.9518,4.3344,4.3498,0.3731,0.3722,-2.8954,2.6769,0.7729,44.321,7.060,0.166
93.7821,0.8857,0.9776,0.936,4.2553,4.263,0.3785,0.3706,-2.8634,2.7356,0.7689,44.0872,8.629,-0.029
41.0463,0.3593,0.6888,0.5031,6.0254,7.0005,0.1843,0.1853,-2.4765,1.9479,0.3897,24.9844,19.665,1.936
41.5834,0.4611,0.6417,0.5493,7.3801,8.4944,0.2253,0.225,-2.2888,2.2354,0.4665,33.2817,16.626,-0.549
79.7382,0.831,0.9776,0.9375,3.3387,3.3731,0.2396,0.231,-2.6659,2.0048,0.4879,27.1502,3.196,-0.221
58.8605,0.6074,0.9116,0.7537,3.6438,3.6624,65535,0.188,-2.3618,1.6604,0.38901,20.0376,16.924,0.018
48.8774,0.6022,0.7355,0.6735,4.5254,4.7893,0.1791,0.1714,-2.0155,1.6093,0.3673,20.0481,-1.604,-0.493
60.1144,0.7465,0.9535,0.8716,4.7544,5.1775,0.1981,0.1949,-2.3699,2.092,0.4096,23.8997,9.382,2.047
62.0821,0.5682,0.8971,0.793,3.7604,4.1245,0.1933,0.1883,-1.536,2.1683,0.3966,20.158,16.734,0.527
76.5143,0.9098,0.9731,0.9427,3.212,3.2596,0.2199,0.2105,-2.1885,2.1042,0.4431,23.3148,4.876,0.033
72.9217,0.823,0.8629,0.8455,3.8196,3.9392,0.2281,0.2199,-2.2745,2.1128,0.4668,25.5932,0.272,0.242
80.412,0.8831,0.984,0.9168,3.6717,3.7187,0.2405,0.2413,-2.701,1.6456,0.4924,25.2054,7.264,-0.353
74.9102,0.8513,0.9653,0.9044,3.8582,3.9129,0.2474,0.2461,-2.0233,1.6206,0.5038,22.26,8.004,-0.132
76.7167,0.9062,0.9858,0.9401,3.7995,3.822,0.2658,0.2656,-2.4106,1.574,0.548,26.3958,6.952,-0.039
20.5933,0.3989,0.6069,0.4761,5.5802,5.8027,0.0693,0.0707,-1.1851,0.8373,0.149,8.7701,1.099,1.997
56.3089,0.4241,0.9137,0.7239,4.5479,4.5958,0.2237,0.2221,-2.7427,2.1847,0.4588,27.3654,40.286,-0.034
37.021,0.3182,0.7529,0.4866,4.3135,4.6135,0.138,0.1402,-2.4993,1.7414,0.296,17.7343,13.701,-0.159
48.0274,0.3776,0.8758,0.5897,4.1712,4.265,0.1742,0.1726,-2.8718,2.2027,0.3646,22.6933,48.661,0.330
26.8731,0.3185,0.5492,0.4118,4.3827,4.7084,0.0964,0.0975,-2.2725,1.3367,0.2067,11.41,9.495,-2.011
77.3979,0.7332,0.9797,0.8995,3.7017,3.723,0.2638,0.2628,-2.9412,1.6977,0.5402,28.2764,12.015,0.515
73.8032,0.83,0.9515,0.9005,3.6539,3.7001,0.2462,0.2458,-2.7378,1.9199,0.5047,26.9669,-0.908,0.654
58.9514,0.6298,0.9116,0.7715,4.3573,4.4219,0.2404,0.2256,-2.1159,2.3086,0.4897,28.8906,25.457,0.205
64.6564,0.8199,0.9309,0.8711,4.3337,4.381,0.2599,0.2464,-2.1224,2.0178,0.5234,29.6747,-1.243,1.230
68.5662,0.8425,0.9206,0.8792,4.2094,4.2828,0.2696,0.259,-2.5327,2.2488,0.5469,32.5918,-0.168,1.295
67.48,0.6631,0.934,0.7663,3.4847,4.0437,0.1971,0.1884,-1.7608,1.507,0.4055,18.6977,15.041,1.196
60.5185,0.7283,0.917,0.8505,3.0871,3.1411,0.1687,0.1629,-1.6448,1.0955,0.3483,12.7616,10.378,-0.227
63.5494,0.4461,0.9606,0.737,2.8246,2.8818,0.1643,0.1594,-1.6327,1.6002,0.3379,13.4967,48.241,-0.487
59.3378,0.7672,0.9092,0.8481,3.6598,3.7306,0.198,0.1923,-1.3552,1.5116,0.3977,16.4317,2.294,-0.432
56.2297,0.6805,0.8172,0.73,3.6045,4.3577,0.1161,0.1099,-1.9885,1.3487,0.2363,10.419,8.698,0.358
79.9933,0.9294,0.9703,0.9486,2.0247,2.052,0.1182,0.1167,-1.7944,1.6565,0.2494,10.0045,0.571,-0.264
55.8902,0.7929,0.9507,0.8982,2.4513,2.4738,0.1036,0.0988,-0.8815,0.9679,0.2108,6.5501,8.926,-0.312
59.2592,0.8985,0.9734,0.9287,2.6667,2.7263,0.1198,0.1149,-1.0392,1.1542,0.2418,7.4807,4.168,-0.187
29.8044,0.3225,0.7716,0.4834,2.4905,2.4878,0.061,0.0619,-1.1213,0.9863,0.1342,4.625,9.319,0.482
30.0049,0.2798,0.7585,0.4518,2.8096,3.3023,0.0675,0.0682,-0.9586,0.9395,0.1481,4.8533,3.613,2.274
30.7115,0.362,0.7661,0.5658,2.2388,2.572,0.0632,0.0622,-1.7129,1.2525,0.1453,6.0428,9.124,1.580
44.0942,0.3896,0.8383,0.5944,2.7297,2.8631,0.1064,0.1065,-1.8074,1.1068,0.2244,9.1739,9.963,1.012
65.9686,0.5699,0.9382,0.7235,4.6612,4.7571,0.2838,0.2817,-3.0836,2.6754,0.5847,34.0198,35.514,-0.126
68.9878,0.7328,0.9703,0.8232,4.7898,4.8234,0.2997,0.2942,-2.6527,2.2665,0.6133,31.5161,16.900,0.788
64.1409,0.5941,0.8761,0.7198,4.7219,4.8151,0.2753,0.2784,-2.6287,2.3758,0.5712,30.8502,15.685,0.491
64.0185,0.6632,0.9255,0.741,5.2411,5.3123,0.2705,0.2695,-2.1578,2.6081,0.5531,25.0124,20.183,0.771
49.7587,0.4705,0.8302,0.6115,4.0469,4.151,0.1722,0.1677,-2.4641,2.1282,0.3497,15.7932,19.438,-0.063
59.8792,0.5278,0.9553,0.772,3.9366,4.0224,0.1955,0.1912,-2.5116,2.1181,0.3999,22.0644,40.967,0.275
61.9681,0.7089,0.8484,0.7624,3.9933,4.0274,0.218,0.2098,-2.5362,1.9412,0.4444,24.3091,6.193,0.171
80.3479,0.8016,0.9825,0.9066,3.6464,3.7351,0.2687,0.2616,-3.086,2.6122,0.5617,36.8256,17.687,-1.032
74.7705,0.6814,0.9773,0.867,3.6325,3.7165,0.2558,0.2559,-3.1639,2.5734,0.5345,34.0532,7.658,-0.353
63.242,0.3277,0.9798,0.7514,3.8023,3.8573,0.2221,0.2269,-3.2309,2.6266,0.4697,30.4263,58.674,-0.091
72.5506,0.7091,0.9752,0.8501,2.8215,2.9206,0.186,0.1825,-2.1347,1.3961,0.3826,14.9016,24.211,-0.400
63.172,0.677,0.9481,0.8266,3.2086,3.4416,0.184,0.1837,-1.9124,1.9177,0.3825,17.6555,18.943,-0.541
36.9917,0.356,0.6343,0.4711,3.2824,3.4993,0.0951,0.093,-1.9213,1.0201,0.2029,7.9251,19.456,-0.713
46.9524,0.4863,0.7708,0.5947,3.9297,4.3238,0.1648,0.1666,-2.2489,1.4086,0.3411,16.3063,8.562,0.276
50.1564,0.7085,0.8486,0.7656,2.4764,2.5437,0.0834,0.0818,-1.5519,1.1311,0.1778,5.8228,4.923,0.871
36.68,0.6979,0.957,0.8092,2.5584,2.6169,0.0807,0.0783,-0.9974,0.7941,0.1716,5.5671,3.858,0.608
53.367,0.7362,0.9405,0.8424,2.533,2.6076,0.1097,0.1091,-1.3303,1.1863,0.2329,7.7911,10.257,0.553
42.036,0.4784,0.9445,0.6124,2.7807,3.011,0.0889,0.0851,-1.4396,1.0194,0.1849,6.2271,16.237,0.661
73.1054,0.7797,0.9388,0.8572,3.3916,4.678,0.172,0.1511,-2.6519,2.9326,0.3559,23.5428,6.533,0.105
72.1258,0.8012,0.9259,0.881,3.0753,3.0974,0.191,0.1912,-1.5655,0.9591,0.3922,14.8663,-5.794,0.141
72.2182,0.7338,0.9414,0.8782,2.7849,3.0615,0.2007,0.1958,-2.7216,1.6147,0.4249,23.5715,-11.263,2.118
42.7388,0.3779,0.756,0.5464,2.9487,3.1128,0.1263,0.1271,-2.5796,1.2239,0.2662,12.6647,39.063,0.938
81.0136,0.7772,0.9779,0.8691,2.7806,2.7852,0.2118,0.2115,-3.1597,1.9821,0.438,23.5233,2.671,0.292
79.647,0.8927,0.9713,0.9357,2.6436,2.711,0.2077,0.208,-2.9648,2.6443,0.4328,29.9325,-5.953,-0.330
71.7727,0.8762,0.9601,0.926,3.0052,3.0562,0.2123,0.2066,-2.5874,2.3368,0.4332,28.2282,0.001,-0.021
35.9851,0.337,0.992,0.6328,1.2107,1.6645,0.0383,0.0379,-1.095,0.5418,0.0983,3.9954,45.309,-0.324
28.0843,0.4253,0.8389,0.6313,1.8462,2.3804,0.043,0.0414,-0.9424,0.4156,0.0951,4.2321,20.971,1.241
35.8044,0.5874,0.9863,0.7105,1.2674,1.7034,0.0416,0.0333,-0.8535,0.5346,0.0934,4.3555,14.884,-1.052
58.5103,0.6354,0.9325,0.8366,3.4335,3.5805,0.1735,0.1738,-1.9926,1.4693,0.3602,16.2837,-6.084,1.585
66.5298,0.5349,0.9323,0.803,3.3041,3.5078,0.2052,0.2064,-2.373,2.2454,0.4225,22.3591,32.949,0.813
88.0474,0.8506,0.9843,0.921,1.7232,1.7386,0.1376,0.1379,-1.6277,1.481,0.2872,9.2232,4.589,0.351
80.3278,0.8901,0.9666,0.9233,1.7026,1.7128,0.1193,0.1185,-1.5964,1.3486,0.2564,8.3502,7.788,0.255
82.7409,0.9009,0.9834,0.9478,1.6892,1.7097,0.135,0.1223,-1.8484,1.7601,0.2723,10.0669,6.534,0.168
82.9024,0.9125,0.967,0.9485,1.9473,1.9608,0.1374,0.1376,-2.5577,2.056,0.29,14.5809,4.997,0.313
77.7595,0.8602,0.9734,0.9084,1.8901,1.9197,0.1302,0.1206,-2.044,1.7623,0.2708,10.2292,6.931,0.358
79.1508,0.8773,0.989,0.9314,1.7857,1.7734,0.1209,0.112,-2.2322,1.8109,0.2521,11.5121,8.824,0.290
69.2464,0.6323,0.887,0.7562,4.7294,4.7535,0.3016,0.3008,-2.5953,2.0314,0.6133,31.1992,19.706,0.084
53.1702,0.6008,0.7637,0.6973,5.0262,5.0704,0.2304,0.2299,-2.3968,1.7552,0.4731,23.6804,11.317,0.315
56.0884,0.6707,0.88,0.8085,4.9973,5.0373,0.25,0.2465,-2.3548,1.4816,0.5084,25.8651,15.806,0.264
44.2624,0.5243,0.7729,0.627,4.7878,4.9063,0.186,0.1853,-2.8709,2.0519,0.3959,26.7694,13.588,0.820
49.8595,0.31,0.6453,0.4873,4.6146,4.6889,0.1844,0.1842,-3.0757,1.9825,0.3801,20.505,37.634,0.814
61.5423,0.5739,0.7454,0.6564,4.7096,4.7691,0.2521,0.2516,-2.6489,1.6401,0.5147,25.4871,-10.831,1.269
51.4614,0.4025,0.7106,0.5367,4.8806,4.916,0.2153,0.2135,-2.6815,1.548,0.4411,21.8612,10.716,0.792
56.2178,0.5658,0.8486,0.7002,3.9258,3.9719,0.1857,0.1843,-1.9292,1.5156,0.3857,15.4678,14.538,0.925
60.2099,0.3982,0.9264,0.7408,3.5637,3.7681,0.1821,0.1813,-2.0152,2.1787,0.3794,18.1245,44.808,0.961
34.9312,0.2391,0.8155,0.486,2.84,3.438,0.0885,0.083,-1.9514,1.4742,0.1871,9.8237,48.473,0.656
27.2988,0.1651,0.7548,0.373,3.439,3.7169,0.0739,0.0738,-2.364,1.6743,0.1602,9.071,42.365,1.372
37.7125,0.2864,0.9419,0.5399,3.4364,3.5,0.1076,0.1067,-1.9163,2.1489,0.2266,10.9882,62.300,0.260
17.0724,0.5964,0.8496,0.6881,4.1778,4.2522,0.062,0.0637,-1.797,0.4707,0.136,6.3205,-3.246,-0.160
21.9171,0.1653,0.4833,0.2688,3.9009,4.083,0.0796,0.0839,-2.6157,1.8443,0.1833,9.7896,22.540,0.917
34.5435,0.3437,0.7885,0.5199,4.086,4.1419,0.1126,0.1115,-1.9964,1.1572,0.2337,10.2357,25.299,-0.186
70.406,0.7268,0.9472,3.2523,3.6065,0.2223,0.2222,-2.2305,1.8134,0.4632,22.9922,11.916,0.388
69.4742,0.7635,0.9837,3.2913,3.5942,0.228,0.2254,-2.1661,1.2448,0.4571,18.9325,20.474,-0.144
70.2459,0.786,0.9722,3.6282,3.8128,0.2458,0.2448,-2.1099,1.6345,0.5002,21.5094,16.259,0.090
67.7685,0.9006,0.9698,3.7352,4.1623,0.237,0.2365,-2.1522,1.6086,0.4955,27.1713,2.600,0.489
66.2054,0.7862,0.9121,4.0888,4.3281,0.2589,0.2522,-1.6794,1.4217,0.5313,22.4726,6.177,0.054
43.9637,0.5874,0.8482,4.363,4.862,0.1462,0.1447,-1.2798,0.9736,0.2988,13.0666,2.827,0.471
36.8468,0.5114,0.845,3.962,5.0363,0.1249,0.1231,-1.0689,0.9341,0.2578,13.5122,12.403,0.598
51.0398,0.4415,0.9259,3.6335,3.783,0.1533,0.1498,-1.9559,1.1013,0.3145,16.2887,29.335,0.154
66.5057,0.8048,0.9483,3.414,3.7915,0.2026,0.1979,-1.5084,1.9526,0.4078,17.8652,10.709,0.417
47.337,0.6077,0.9193,3.5459,3.9559,0.1514,0.1506,-2.484,1.2203,0.315,16.2749,18.633,0.445
58.2799,0.8619,0.9811,3.4689,4.0152,0.1564,0.1553,-1.4305,1.3756,0.3191,12.0169,-1.025,-0.453
58.6591,0.7539,0.9238,3.9184,4.3237,0.2027,0.2034,-1.4166,1.7822,0.4131,17.199,8.824,0.468
42.9904,0.6109,0.7764,3.8958,4.1672,0.1501,0.1465,-1.7158,1.0148,0.3052,13.3275,2.169,0.230
47.8441,0.5279,0.8389,2.1772,6.6809,0.1277,0.1223,-1.1457,1.0326,0.2574,14.4481,-20.613,1.456
68.6201,0.7799,0.9047,2.6439,3.4111,0.1755,0.1762,-2.0566,1.475,0.3587,16.6202,-2.743,0.767
62.6924,0.6691,0.9099,2.8612,4.215,0.171,0.1656,-1.694,1.4997,0.3554,18.0151,-2.964,0.893
68.3806,0.6035,0.9543,2.7243,3.2789,0.1961,0.1968,-2.5092,1.8794,0.4121,21.4981,34.117,0.338
47.8086,0.5829,0.8131,4.0541,5.7482,0.1441,0.1429,-1.5289,1.2179,0.2977,16.3429,-10.052,-0.149
65.542,0.7358,0.8606,3.7567,5.1552,0.2066,0.2045,-1.9728,2.0082,0.4198,21.5003,-3.330,0.716
70.5254,0.6614,0.9304,3.451,4.609,0.2524,0.2587,-3.1414,2.7062,0.5318,33.2164,-12.343,0.543
84.6666,0.9305,0.977,1.5982,1.9104,0.148,0.1354,-2.2215,2.2009,0.3039,15.5829,2.441,-0.147
76.8316,0.788,0.9513,1.6579,3.8367,0.1579,0.1531,-2.1592,2.8138,0.3331,18.629,-12.637,2.357
60.8879,0.5603,0.8375,2.9094,5.7183,0.1764,0.1762,-2.4005,2.5258,0.3737,21.0822,-14.913,3.871
71.0408,0.6151,0.9813,1.7445,3.5704,0.1515,0.1468,-2.6417,2.0813,0.3266,17.2758,19.807,-0.334
80.9797,0.7778,0.973,1.9672,2.2318,0.1529,0.1561,-2.4508,2.63,0.3353,19.5812,-7.756,0.258
34.2082,0.3146,0.6934,3.1247,4.2396,0.0933,0.0899,-1.8065,1.1453,0.1973,9.2316,23.261,-0.431
43.7066,0.428,0.7817,3.3102,4.3454,0.1325,0.1295,-1.5816,1.7521,0.277,14.0916,17.250,1.192
60.4507,0.8404,0.9603,3.2624,3.8847,0.187,0.1866,-1.8444,1.4549,0.3847,16.9363,-5.110,0.742
62.3469,0.8208,0.9546,3.2424,4.5918,0.1847,0.1771,-1.6236,1.5338,0.3774,18.149,-2.920,1.576
27.5523,0.3462,0.6708,3.34,3.5722,0.0828,0.0813,-1.1349,0.8959,0.1695,6.7376,9.695,0.031
26.876,0.2012,0.7821,3.3408,4.0122,0.084,0.084,-2.105,0.9481,0.1778,8.2047,-34.928,-0.267
17.6249,0.185,0.4798,4.48,4.7086,0.0711,0.0711,-2.1492,1.4717,0.156,9.2909,12.000,-0.050
40.9437,0.4058,0.8077,4.2528,4.8495,0.1663,0.1655,-2.2122,1.4379,0.3437,18.5078,-14.475,0.812
61.2143,0.6981,0.9246,3.8351,4.7301,0.238,0.2374,-2.1624,1.7145,0.4872,26.4109,-3.877,0.903
77.1231,0.7726,0.9861,2.7318,3.1179,0.2122,0.2112,-2.5737,2.2431,0.4385,23.0829,8.964,0.449
77.2706,0.822,0.9979,2.8045,3.1559,0.2086,0.2104,-2.4495,2.7011,0.4408,23.3257,13.583,-0.031
80.4572,0.8481,0.962,2.7546,2.9102,0.2249,0.2169,-2.302,2.1634,0.4556,21.2724,6.859,0.069
45.5587,0.3295,0.9286,2.5202,5.0392,0.1417,0.1498,-2.839,2.2508,0.3218,22.0926,-42.602,-0.914
61.6285,0.6175,0.9525,2.6556,4.8645,0.1822,0.1871,-2.5706,1.8655,0.3969,23.5539,17.581,0.104
69.0055,0.7491,0.9548,2.518,2.8188,0.1696,0.1621,-2.5842,2.0396,0.3505,17.6176,13.932,0.326
66.4037,0.5992,0.9622,2.7024,3.8301,0.1838,0.1824,-2.3251,2.1101,0.3959,20.4885,3.689,-0.225
80.0083,0.7746,0.8999,3.46,4.0107,0.2931,0.2967,-2.6047,2.2767,0.6065,29.3347,12.203,0.503
79.3446,0.8713,0.9306,3.827,4.0815,0.2909,0.2944,-2.5833,2.3525,0.5995,30.9034,3.052,0.242
67.6452,0.5149,0.8702,3.6671,4.2936,0.2479,0.2477,-2.3377,2.2418,0.5107,23.8948,31.644,0.686
75.0816,0.8711,0.9534,3.3866,3.829,0.2417,0.241,-2.3969,1.8377,0.4988,21.8056,5.389,-0.497
67.5367,0.7889,0.9724,3.4777,3.7678,0.2273,0.227,-1.6479,1.4533,0.4558,16.1971,15.890,-0.269
67.7411,0.7497,0.9113,3.8187,3.9064,0.2301,0.2245,-2.0181,2.2075,0.4677,21.033,8.462,-0.049
63.2265,0.7455,0.8838,3.8891,4.3518,0.2236,0.2179,-2.2522,1.9552,0.4579,21.2833,6.250,0.439
61.4275,0.7765,0.9308,2.4649,2.6887,0.1511,0.1435,-1.7412,1.0539,0.3114,11.5257,9.146,0.236
72.024,0.8361,0.9587,2.3208,2.8904,0.1734,0.1717,-2.3618,1.6178,0.357,15.242,8.018,0.611
73.7283,0.822,0.9524,2.4216,2.8373,0.1793,0.1778,-2.1492,1.2598,0.3693,15.6738,3.998,0.529
73.2983,0.8116,0.931,1.9948,2.715,0.1598,0.1589,-2.3201,1.245,0.334,14.0768,3.149,0.823
58.7912,0.6104,0.8805,2.8327,3.2721,0.1648,0.1706,-2.2921,1.384,0.3563,17.3417,9.365,0.493
68.5185,0.8443,0.928,3.0431,3.3796,0.204,0.2057,-2.2421,1.4884,0.4215,20.2164,-2.525,0.384
67.4263,0.8707,0.9523,3.0028,3.4022,0.2006,0.2031,-2.2232,1.4513,0.4159,19.9332,3.023,0.453
68.4227,0.8325,0.9602,2.8047,3.1756,0.2018,0.2019,-2.1515,1.731,0.4189,21.612,8.214,0.364
59.9803,0.7888,0.8228,4.8484,5.1405,0.2448,0.2428,-2.259,1.4783,0.4996,24.8104,-1.668,0.340
36.482,0.3893,0.777,5.0083,5.9111,0.1709,0.1661,-1.4748,0.9009,0.3515,17.3346,-26.660,1.008
47.5104,0.6207,0.8275,5.1913,5.7384,0.2127,0.2109,-1.6308,1.0801,0.4371,18.3511,-2.921,0.779
46.7303,0.5847,0.834,5.4462,6.1478,0.22,0.2203,-1.798,1.4006,0.4528,21.2061,-3.376,0.900
68.2013,0.8414,0.935,4.9067,5.2304,0.2654,0.2559,-2.2796,1.9936,0.5455,30.8577,4.232,0.133
63.4695,0.7982,0.9193,4.645,6.4872,0.232,0.2254,-1.8678,1.6742,0.4779,26.8268,3.752,1.718
69.298,0.8412,0.9239,4.7151,5.0633,0.2984,0.2901,-2.4979,2.1283,0.6016,30.6337,3.922,0.377
70.9462,0.8765,0.9492,4.6932,5.3667,0.3017,0.2995,-2.5798,2.565,0.6144,32.2062,1.735,0.759
25.4862,0.3593,0.784,4.8545,5.23,0.0997,0.0997,-1.5572,0.7744,0.2102,9.3968,-15.702,-0.257
63.0337,0.864,0.9528,4.2011,4.4885,0.2355,0.2358,-1.8366,1.4755,0.4879,24.7148,1.375,0.019
54.5682,0.8803,0.9471,4.3824,4.5217,0.2085,0.201,-1.8192,1.1805,0.425,23.9041,-3.637,0.070
30.1757,0.2449,0.7014,4.445,4.8155,0.101,0.1013,-1.9081,1.3731,0.2181,10.7646,35.377,-0.315
69.0334,0.8227,0.9301,4.4929,4.5931,0.2667,0.2659,-2.4426,1.9406,0.5499,30.426,9.390,0.009
71.956,0.8052,0.9738,3.4827,4.0972,0.2416,0.2408,-2.5062,2.0554,0.5071,29.4209,-15.281,0.756
63.2528,0.7326,0.9412,3.3514,4.1069,0.1995,0.1981,-2.4464,1.803,0.4197,22.8157,-11.003,0.951
65.6075,0.6533,0.8471,3.4998,3.9313,0.197,0.192,-2.2473,2.0801,0.4148,23.7164,-14.174,-0.126
62.8294,0.684,0.8754,3.5265,5.0492,0.2094,0.2018,-2.4344,2.1795,0.4325,25.2246,-16.072,1.509
67.4986,0.7355,0.913,3.2752,4.6211,0.2299,0.2153,-2.1314,2.0956,0.4578,26.1351,9.214,-0.398
65.8323,0.6845,0.9367,3.2106,4.1522,0.2198,0.2102,-2.6076,1.7387,0.4549,22.7754,-12.236,1.142
68.6685,0.862,0.9406,3.2902,4.3161,0.1985,0.1885,-2.0382,1.7582,0.4102,20.6194,0.587,-0.281
68.6083,0.8621,0.9438,3.3191,4.0177,0.2035,0.1981,-2.1075,1.6695,0.4207,22.7097,-1.068,0.285